cdom_filename,hplc_gsfc_id,hplc_sample,match_level,confidence,time_diff_minutes,dist_meters,depth_diff_meters,reason,cdom_lat,cdom_lon,cdom_depth,hplc_lat,hplc_lon,hplc_depth,cdom_datetime,hplc_datetime
NES-LTER_AE2426_ag_202411061634_003m_R1.sb,14-2425,HSL_1537,1.0,EXACT,0.75,31.33425763970826,0.0,"Exact spatio-temporal match (within 1 min, 50m, 20cm depth)",41.1959,-70.8836,2.9,41.196,-70.884,2.9,2024-11-06 16:34:45,2024-11-06 16:34:00
NES-LTER_AE2426_ag_202411070844_003m_R1.sb,14-2428,HSL_1540,1.0,EXACT,0.7,36.41334902837685,0.0,"Exact spatio-temporal match (within 1 min, 50m, 20cm depth)",41.0317,-70.8808,2.9,41.032,-70.881,2.9,2024-11-07 08:44:42,2024-11-07 08:44:00
NES-LTER_AE2426_ag_202411071321_004m_R1.sb,14-2430,HSL_1542,1.0,EXACT,0.7166666666666667,7.223821393929324,0.0,"Exact spatio-temporal match (within 1 min, 50m, 20cm depth)",40.514,-70.8821,3.7,40.514,-70.882,3.7,2024-11-07 13:21:43,2024-11-07 13:21:00
NES-LTER_AE2426_ag_202411081114_003m_R1.sb,14-2433,HSL_1545,1.0,EXACT,0.9666666666666667,45.04317239067155,0.0,"Exact spatio-temporal match (within 1 min, 50m, 20cm depth)",39.7694,-70.8881,2.5,39.769,-70.888,2.5,2024-11-08 11:14:58,2024-11-08 11:14:00
NES-LTER_AE2426_ag_202411081827_003m_R1.sb,14-2436,HSL_1548,1.0,EXACT,0.55,21.40996196360546,0.0,"Exact spatio-temporal match (within 1 min, 50m, 20cm depth)",39.928,-70.8643,3.1,39.928,-70.864,3.1,2024-11-08 18:27:33,2024-11-08 18:27:00
NES-LTER_AE2426_ag_202411090118_004m_R1.sb,UNMATCHED,UNMATCHED,,UNMATCHED,,,,No candidate within thresholds,40.0481,-70.8842,3.6,,,,2024-11-09 01:18:19,
NES-LTER_AE2426_ag_202411100355_004m_R1.sb,14-2441,HSL_1520,1.0,EXACT,0.5333333333333333,30.818460206770002,0.0,"Exact spatio-temporal match (within 1 min, 50m, 20cm depth)",40.2569,-70.8834,3.8,40.257,-70.883,3.8,2024-11-10 03:55:32,2024-11-10 03:55:00
NES-LTER_AE2426_ag_202411100657_003m_R1.sb,14-2446,HSL_1525,1.0,EXACT,0.95,45.05217556331496,0.0,"Exact spatio-temporal match (within 1 min, 50m, 20cm depth)",40.1484,-70.8941,3.3,40.148,-70.894,3.3,2024-11-10 06:57:57,2024-11-10 06:57:00
NES-LTER_AE2426_ag_202411100954_003m_R1.sb,14-2449,HSL_1528,1.0,EXACT,0.3,13.24781179691183,0.0,"Exact spatio-temporal match (within 1 min, 50m, 20cm depth)",40.3631,-70.8821,2.7,40.363,-70.882,2.7,2024-11-10 09:54:18,2024-11-10 09:54:00
NES-LTER_AE2426_ag_202411101306_002m_R1.sb,14-2452,HSL_1531,1.0,EXACT,0.15,42.53292062841456,0.0,"Exact spatio-temporal match (within 1 min, 50m, 20cm depth)",40.7008,-70.8845,2.5,40.701,-70.884,2.5,2024-11-10 13:06:09,2024-11-10 13:06:00
NES-LTER_AE2426_ag_202411110300_004m_R1.sb,14-2454,HSL_1533,1.0,EXACT,0.03333333333333333,14.599061099809916,0.0,"Exact spatio-temporal match (within 1 min, 50m, 20cm depth)",41.031,-70.8832,4.3,41.031,-70.883,4.3,2024-11-11 03:00:02,2024-11-11 03:00:00
NES-LTER_AE2426_ag_202411110643_003m_R1.sb,14-2456,HSL_1535,1.0,EXACT,0.9833333333333333,29.36893680358499,0.0,"Exact spatio-temporal match (within 1 min, 50m, 20cm depth)",41.323,-70.5496,3.3,41.323,-70.55,3.3,2024-11-11 06:43:59,2024-11-11 06:43:00
