filename,experiment,cruise,investigator,affiliation,contact,date,time,latitude,longitude,measurement_depth,water_depth,instrument_manufacturer,instrument_model,calibration_files,original_file_name,missing_code,warnings_count
NES-LTER_AE2426_ag_202411061634_003m_R1.sb,NES-LTER,AE2426,Heidi_Sosik,Woods_Hole_Oceanographic_Institution,"hsosik@whoi.edu,lter-nes-info@whoi.edu,ecrockford@whoi.edu",20241106,16:34:45,41.1959,-70.8836,2.9,23.0,Shimadzu,UV-2600i_serial_no:A12595900733,see_documents,AE2426_C01N13sa_RawData.txt,-9999,0
NES-LTER_AE2426_ag_202411070844_003m_R1.sb,NES-LTER,AE2426,Heidi_Sosik,Woods_Hole_Oceanographic_Institution,"hsosik@whoi.edu,lter-nes-info@whoi.edu,ecrockford@whoi.edu",20241107,08:44:42,41.0317,-70.8808,2.9,46.0,Shimadzu,UV-2600i_serial_no:A12595900733,see_documents,AE2426_C04N16sa_RawData.txt,-9999,0
NES-LTER_AE2426_ag_202411071321_004m_R1.sb,NES-LTER,AE2426,Heidi_Sosik,Woods_Hole_Oceanographic_Institution,"hsosik@whoi.edu,lter-nes-info@whoi.edu,ecrockford@whoi.edu",20241107,13:21:43,40.514,-70.8821,3.7,77.0,Shimadzu,UV-2600i_serial_no:A12595900733,see_documents,AE2426_C05N13sa_RawData.txt,-9999,0
NES-LTER_AE2426_ag_202411081114_003m_R1.sb,NES-LTER,AE2426,Heidi_Sosik,Woods_Hole_Oceanographic_Institution,"hsosik@whoi.edu,lter-nes-info@whoi.edu,ecrockford@whoi.edu",20241108,11:14:58,39.7694,-70.8881,2.5,1593.0,Shimadzu,UV-2600i_serial_no:A12595900733,see_documents,AE2426_C10N19sa_RawData.txt,-9999,0
NES-LTER_AE2426_ag_202411081827_003m_R1.sb,NES-LTER,AE2426,Heidi_Sosik,Woods_Hole_Oceanographic_Institution,"hsosik@whoi.edu,lter-nes-info@whoi.edu,ecrockford@whoi.edu",20241108,18:27:33,39.928,-70.8643,3.1,452.0,Shimadzu,UV-2600i_serial_no:A12595900733,see_documents,AE2426_C11N21sa_RawData.txt,-9999,0
NES-LTER_AE2426_ag_202411090118_004m_R1.sb,NES-LTER,AE2426,Heidi_Sosik,Woods_Hole_Oceanographic_Institution,"hsosik@whoi.edu,lter-nes-info@whoi.edu,ecrockford@whoi.edu",20241109,01:18:19,40.0481,-70.8842,3.6,205.0,Shimadzu,UV-2600i_serial_no:A12595900733,see_documents,AE2426_C12N24sa_RawData.txt,-9999,0
NES-LTER_AE2426_ag_202411100355_004m_R1.sb,NES-LTER,AE2426,Heidi_Sosik,Woods_Hole_Oceanographic_Institution,"hsosik@whoi.edu,lter-nes-info@whoi.edu,ecrockford@whoi.edu",20241110,03:55:32,40.2569,-70.8834,3.8,122.0,Shimadzu,UV-2600i_serial_no:A12595900733,see_documents,AE2426_C15N18sa_RawData.txt,-9999,0
NES-LTER_AE2426_ag_202411100657_003m_R1.sb,NES-LTER,AE2426,Heidi_Sosik,Woods_Hole_Oceanographic_Institution,"hsosik@whoi.edu,lter-nes-info@whoi.edu,ecrockford@whoi.edu",20241110,06:57:57,40.1484,-70.8941,3.3,139.0,Shimadzu,UV-2600i_serial_no:A12595900733,see_documents,AE2426_C16N19sa_RawData.txt,-9999,0
NES-LTER_AE2426_ag_202411100954_003m_R1.sb,NES-LTER,AE2426,Heidi_Sosik,Woods_Hole_Oceanographic_Institution,"hsosik@whoi.edu,lter-nes-info@whoi.edu,ecrockford@whoi.edu",20241110,09:54:18,40.3631,-70.8821,2.7,88.0,Shimadzu,UV-2600i_serial_no:A12595900733,see_documents,AE2426_C17N18sa_RawData.txt,-9999,0
NES-LTER_AE2426_ag_202411101306_002m_R1.sb,NES-LTER,AE2426,Heidi_Sosik,Woods_Hole_Oceanographic_Institution,"hsosik@whoi.edu,lter-nes-info@whoi.edu,ecrockford@whoi.edu",20241110,13:06:09,40.7008,-70.8845,2.5,60.0,Shimadzu,UV-2600i_serial_no:A12595900733,see_documents,AE2426_C18N19sa_RawData.txt,-9999,0
NES-LTER_AE2426_ag_202411110300_004m_R1.sb,NES-LTER,AE2426,Heidi_Sosik,Woods_Hole_Oceanographic_Institution,"hsosik@whoi.edu,lter-nes-info@whoi.edu,ecrockford@whoi.edu",20241111,03:00:02,41.031,-70.8832,4.3,40.0,Shimadzu,UV-2600i_serial_no:A12595900733,see_documents,AE2426_C19N07sa_RawData.txt,-9999,0
NES-LTER_AE2426_ag_202411110643_003m_R1.sb,NES-LTER,AE2426,Heidi_Sosik,Woods_Hole_Oceanographic_Institution,"hsosik@whoi.edu,lter-nes-info@whoi.edu,ecrockford@whoi.edu",20241111,06:43:59,41.323,-70.5496,3.3,16.0,Shimadzu,UV-2600i_serial_no:A12595900733,see_documents,AE2426_C20N05sa_RawData.txt,-9999,0
