Filename,RelativePath,Size_Bytes,SHA256,Extension
documents.tgz,documents.tgz,4026004,36fcc1aea60aa155b642584238105b958db4ab4dc03bf297a8278ec592aa23b5,.tgz
NES-LTER_AE2426_ag_202411061634_003m_R1.sb,archive\NES-LTER_AE2426_ag_202411061634_003m_R1.sb,13616,73c7348ee563dbf068a9f3e93401f54e3972adf3f6e0e413c434d95f890688a9,.sb
NES-LTER_AE2426_ag_202411070844_003m_R1.sb,archive\NES-LTER_AE2426_ag_202411070844_003m_R1.sb,13621,b842fd102918aceddd7d0664946b3ffd9991ef0e95c861c0e622f4bae7fc43e8,.sb
NES-LTER_AE2426_ag_202411071321_004m_R1.sb,archive\NES-LTER_AE2426_ag_202411071321_004m_R1.sb,13624,af882bc5782cce1237dc0ed979b773867db0722e205170c3c8627af367405228,.sb
NES-LTER_AE2426_ag_202411081114_003m_R1.sb,archive\NES-LTER_AE2426_ag_202411081114_003m_R1.sb,13648,1dcf63a14e350188a942e61ff2c47c2d235b893c9476aa6b48fed1ed9bcb97d3,.sb
NES-LTER_AE2426_ag_202411081827_003m_R1.sb,archive\NES-LTER_AE2426_ag_202411081827_003m_R1.sb,13576,32c0e78ab009f98778540f5856117aa692430a727b63285542fdfcdc2395490e,.sb
NES-LTER_AE2426_ag_202411090118_004m_R1.sb,archive\NES-LTER_AE2426_ag_202411090118_004m_R1.sb,13633,a9b2e2ed12f1abd74918b662c1c7b9d607055b746dd045fad39a54fe9b806b58,.sb
NES-LTER_AE2426_ag_202411100355_004m_R1.sb,archive\NES-LTER_AE2426_ag_202411100355_004m_R1.sb,13612,216c7cb641bd7bb1b6a738ef50a0b6482f85b543a316d5dc14ce16c39ea19658,.sb
NES-LTER_AE2426_ag_202411100657_003m_R1.sb,archive\NES-LTER_AE2426_ag_202411100657_003m_R1.sb,13616,d735722b13c3bc4fd8ba6c01f8fe66444c4887f2445aad10649452f797f1fd76,.sb
NES-LTER_AE2426_ag_202411100954_003m_R1.sb,archive\NES-LTER_AE2426_ag_202411100954_003m_R1.sb,13624,88383f6826c69bd05ee8704d50a7e8c93cde94fcb092439dd2ae0ba8cc894671,.sb
NES-LTER_AE2426_ag_202411101306_002m_R1.sb,archive\NES-LTER_AE2426_ag_202411101306_002m_R1.sb,13611,75429f902cd3d89dbd4961ab60cf5b76fac948224608e7aff0c73449adf07a45,.sb
NES-LTER_AE2426_ag_202411110300_004m_R1.sb,archive\NES-LTER_AE2426_ag_202411110300_004m_R1.sb,13617,d385701a15c1e80929435c17fd9c1915ad316a2776cf6051fb266954eea5ace2,.sb
NES-LTER_AE2426_ag_202411110643_003m_R1.sb,archive\NES-LTER_AE2426_ag_202411110643_003m_R1.sb,13626,69bb3bbf63be32f87cdb27865330919301e64af14c64e89a1ffacdef7efa89e0,.sb
NES-LTER_AE2426_HPLC_20241106_1628_R1.sb,archive\NES-LTER_AE2426_HPLC_20241106_1628_R1.sb,11287,71ed0f891062554b8913a92975e7df08128bfa0936de5383e6b74515d8c019e1,.sb
