Variable,Category,Type,Units,Valid_Count,Missing_Count,Missing_Percent,Below_Detection_Limit_Count,Zero_Count,Min,Max,Mean,Median,StdDev
station,Sample Metadata,numerical,none,32,0,0.0,0,0,1.0,20.0,12.6875,15.0,5.794533018563775
bottle,Sample Metadata,numerical,none,32,0,0.0,0,0,1.0,21.0,10.90625,11.0,5.760596827278543
date,Sample Metadata,numerical,none,32,0,0.0,0,0,20241106.0,20241111.0,20241109.0,20241110.0,1.545023227719748
time,Sample Metadata,categorical,none,32,0,0.0,0,0,,,,,
lat,Sample Metadata,numerical,degrees,32,0,0.0,0,0,39.769,41.323,40.4744375,40.363,0.4887673064339606
lon,Sample Metadata,numerical,degrees,32,0,0.0,0,0,-70.894,-70.55,-70.86203125,-70.883,0.08198799454798288
depth,Sample Metadata,numerical,m,32,0,0.0,0,0,2.5,65.1,22.528125,19.55,20.210014036083937
sample,Sample Metadata,categorical,none,32,0,0.0,0,0,,,,,
hplc_gsfc_id,Sample Metadata,categorical,none,32,0,0.0,0,0,,,,,
volfilt,Sample Metadata,numerical,L,32,0,0.0,0,0,0.537,1.06,0.7224062500000001,0.548,0.24624834820143568
Tot_Chl_a,Chlorophyll Pigments,numerical,mg/m^3,32,0,0.0,0,0,0.104,6.78,1.686625,1.548,1.5717805138984795
Tot_Chl_b,Chlorophyll Pigments,numerical,mg/m^3,32,0,0.0,0,0,0.016,0.413,0.15521875000000002,0.152,0.09192168278555954
Tot_Chl_c,Chlorophyll Pigments,numerical,mg/m^3,32,0,0.0,0,0,0.029,1.163,0.33687500000000004,0.3265,0.26926839350717613
alpha-beta-Car,Carotenoid Pigments,numerical,mg/m^3,32,0,0.0,0,0,0.006,0.264,0.07428125000000001,0.07100000000000001,0.059085631884251616
But-fuco,Carotenoid Pigments,numerical,mg/m^3,24,8,25.0,0,0,0.007,0.067,0.03204166666666667,0.032,0.012034295798355583
Hex-fuco,Carotenoid Pigments,numerical,mg/m^3,32,0,0.0,0,0,0.008,0.186,0.10687500000000001,0.108,0.05637303748103972
Allo,Carotenoid Pigments,numerical,mg/m^3,31,1,3.125,0,0,0.001,0.055,0.026516129032258067,0.026,0.01771415811856331
Diadino,Carotenoid Pigments,numerical,mg/m^3,32,0,0.0,0,0,0.004,0.256,0.06834375000000001,0.0605,0.06198678806940468
Diato,Carotenoid Pigments,numerical,mg/m^3,27,5,15.625,0,0,0.001,0.025,0.007925925925925927,0.006,0.006336256635281445
Fuco,Carotenoid Pigments,numerical,mg/m^3,32,0,0.0,0,0,0.038,2.566,0.5985625,0.437,0.6610644855324312
Perid,Carotenoid Pigments,numerical,mg/m^3,32,0,0.0,0,0,0.004,0.09,0.044437500000000005,0.0455,0.029992404952566068
Zea,Carotenoid Pigments,numerical,mg/m^3,32,0,0.0,0,0,0.003,0.051,0.02746875,0.0275,0.012239503402850425
MV_Chl_a,Chlorophyll Pigments,numerical,mg/m^3,32,0,0.0,0,0,0.1,6.518,1.6158125,1.5285,1.4797852598679921
DV_Chl_a,Chlorophyll Pigments,numerical,mg/m^3,9,23,71.875,0,0,0.002,0.064,0.02711111111111111,0.023,0.024266460621835875
Chlide_a,Degradation Products,numerical,mg/m^3,32,0,0.0,0,0,0.001,0.61,0.06318750000000001,0.017,0.11854506084866169
MV_Chl_b,Chlorophyll Pigments,numerical,mg/m^3,32,0,0.0,0,0,0.012,0.413,0.1495,0.14250000000000002,0.0956917092845898
DV_Chl_b,Chlorophyll Pigments,numerical,mg/m^3,8,24,75.0,0,0,0.003,0.1,0.022875,0.0115,0.03302136754111971
Chl_c1c2,Chlorophyll Pigments,numerical,mg/m^3,32,0,0.0,0,0,0.013,0.919,0.22162500000000002,0.1935,0.2191375691056839
Chl_c3,Chlorophyll Pigments,numerical,mg/m^3,32,0,0.0,0,0,0.016,0.244,0.11524999999999999,0.131,0.0560909399848772
Lut,Carotenoid Pigments,numerical,mg/m^3,32,0,0.0,0,0,0.001,0.014,0.0062499999999999995,0.006500000000000001,0.0037157033806404977
Neo,Carotenoid Pigments,numerical,mg/m^3,32,0,0.0,0,0,0.001,0.042,0.01659375,0.0165,0.010238634532825858
Viola,Carotenoid Pigments,numerical,mg/m^3,32,0,0.0,0,0,0.001,0.053,0.014562499999999999,0.014499999999999999,0.011897241480221778
Phytin_a,Degradation Products,numerical,mg/m^3,32,0,0.0,0,0,0.003,0.209,0.030218750000000003,0.0205,0.04589380053361625
Phide_a,Degradation Products,numerical,mg/m^3,32,0,0.0,0,0,0.007,0.389,0.06278125000000001,0.0465,0.08773189892342281
Pras,Carotenoid Pigments,numerical,mg/m^3,31,1,3.125,0,0,0.003,0.077,0.034999999999999996,0.04,0.017710637105046972
Gyro,Carotenoid Pigments,numerical,mg/m^3,0,32,100.0,0,0,,,,,
Tchl,Derived Totals,numerical,mg/m^3,32,0,0.0,0,0,0.149,8.356,2.17871875,2.0635000000000003,1.91052867593569
PPC,Derived Totals,numerical,mg/m^3,32,0,0.0,0,0,0.014,0.626,0.20246875000000003,0.2025,0.14218955643674192
PSC,Derived Totals,numerical,mg/m^3,32,0,0.0,0,0,0.065,2.835,0.77390625,0.6915,0.6834923299649879
PSP,Derived Totals,numerical,mg/m^3,32,0,0.0,0,0,0.214,11.191,2.952625,2.815,2.591067668219092
Tcar,Derived Totals,numerical,mg/m^3,32,0,0.0,0,0,0.081,3.461,0.976375,0.9125000000000001,0.8228451330008737
Tacc,Derived Totals,numerical,mg/m^3,32,0,0.0,0,0,0.126,5.037,1.46846875,1.4465,1.1615069184350908
Tpg,Derived Totals,numerical,mg/m^3,32,0,0.0,0,0,0.23,11.817,3.1550937500000003,3.0215,2.7310668878235353
DP,Derived Totals,numerical,mg/m^3,32,0,0.0,0,0,0.087,3.329,0.98228125,0.98,0.766415251480301
Tacc_Tchla,Derived Ratios,numerical,ratio,32,0,0.0,0,0,0.74,1.51,0.9837500000000001,0.935,0.17481326442622955
PSC_Tcar,Derived Ratios,numerical,ratio,32,0,0.0,0,0,0.58,0.85,0.7703125,0.79,0.06532718522202115
PPC_Tcar,Derived Ratios,numerical,ratio,32,0,0.0,0,0,0.15,0.42,0.22968750000000002,0.21,0.06532718522202115
TChl_Tcar,Derived Ratios,numerical,ratio,32,0,0.0,0,0,1.84,2.47,2.1909375,2.18,0.1625871354471295
PPC_Tpg,Derived Ratios,numerical,ratio,32,0,0.0,0,0,0.05,0.15,0.07125,0.07,0.02210677899241214
PSP_Tpg,Derived Ratios,numerical,ratio,32,0,0.0,0,0,0.85,0.95,0.9287500000000001,0.93,0.022106778992412125
Tchla_Tpg,Derived Ratios,numerical,ratio,32,0,0.0,0,0,0.4,0.57,0.5071875,0.52,0.04034003654419635
